"species_name","SET","morph_type","Len Sample Count","Sex Sample Count","Sample_count","Proportion Males","malelen","femlen","nosexlen"
"ARROWTOOTH FLOUNDER",11,"FORK LENGTH",25,25,36,0,0,585,0
"ARROWTOOTH FLOUNDER",12,"FORK LENGTH",13,13,23,0,0,568,707
"ARROWTOOTH FLOUNDER",14,"FORK LENGTH",2,2,2,0,0,635,0
"ARROWTOOTH FLOUNDER",15,"FORK LENGTH",18,18,18,0,0,593,565
"ARROWTOOTH FLOUNDER",22,"FORK LENGTH",1,1,1,0,0,496,0
"ARROWTOOTH FLOUNDER",23,"FORK LENGTH",5,5,6,0,0,551,0
"ARROWTOOTH FLOUNDER",25,"FORK LENGTH",22,22,39,0,0,592,602
"ARROWTOOTH FLOUNDER",27,"FORK LENGTH",19,19,21,0,0,608,0
"ARROWTOOTH FLOUNDER",29,"FORK LENGTH",21,21,25,0,0,602,560
"ARROWTOOTH FLOUNDER",30,"FORK LENGTH",15,15,15,0,0,601,589
"ARROWTOOTH FLOUNDER",36,"FORK LENGTH",10,10,14,0,0,601,671
"ARROWTOOTH FLOUNDER",41,"FORK LENGTH",2,2,4,0,0,564,0
"ARROWTOOTH FLOUNDER",42,"FORK LENGTH",16,16,16,0,0,555,527
"ARROWTOOTH FLOUNDER",43,"FORK LENGTH",22,22,22,0,0,565,552
"ARROWTOOTH FLOUNDER",46,"FORK LENGTH",1,1,1,0,0,0,573
"ARROWTOOTH FLOUNDER",49,"FORK LENGTH",11,11,16,0,0,583,612
"ARROWTOOTH FLOUNDER",50,"FORK LENGTH",4,4,4,0,0,555,0
"ARROWTOOTH FLOUNDER",51,"FORK LENGTH",1,1,1,0,0,689,0
"ARROWTOOTH FLOUNDER",54,"FORK LENGTH",14,14,15,0,0,559,0
"ARROWTOOTH FLOUNDER",58,"FORK LENGTH",8,8,8,0,0,618,0
"ARROWTOOTH FLOUNDER",59,"FORK LENGTH",13,13,25,0,0,553,0
"ARROWTOOTH FLOUNDER",60,"FORK LENGTH",30,30,39,0,0,548,0
"ARROWTOOTH FLOUNDER",65,"FORK LENGTH",1,1,1,0,0,495,0
"ARROWTOOTH FLOUNDER",67,"FORK LENGTH",22,21,41,0,0,568,507
"ARROWTOOTH FLOUNDER",68,"FORK LENGTH",21,21,61,0,0,589,0
"ARROWTOOTH FLOUNDER",69,"FORK LENGTH",7,7,7,0,0,571,0
"ARROWTOOTH FLOUNDER",70,"FORK LENGTH",28,28,28,0,0,540,0
"ARROWTOOTH FLOUNDER",71,"FORK LENGTH",19,19,20,0,0,552,493
"ARROWTOOTH FLOUNDER",74,"FORK LENGTH",77,77,76,0,0,565,567
"ARROWTOOTH FLOUNDER",75,"FORK LENGTH",30,30,70,0,0,550,0
"ARROWTOOTH FLOUNDER",76,"FORK LENGTH",27,27,53,0,0,555,0
"ARROWTOOTH FLOUNDER",77,"FORK LENGTH",4,4,4,0,0,546,0
"ARROWTOOTH FLOUNDER",78,"FORK LENGTH",3,3,3,0,0,571,0
"ARROWTOOTH FLOUNDER",79,"FORK LENGTH",4,4,4,0,0,573,0
"ARROWTOOTH FLOUNDER",80,"FORK LENGTH",7,7,8,0,0,572,613
"ARROWTOOTH FLOUNDER",81,"FORK LENGTH",7,7,7,0,0,584,0
"ARROWTOOTH FLOUNDER",83,"FORK LENGTH",10,10,12,0,0,548,0
"ARROWTOOTH FLOUNDER",85,"FORK LENGTH",3,3,3,0,0,600,0
"ARROWTOOTH FLOUNDER",86,"FORK LENGTH",9,9,9,0,0,566,555
"ARROWTOOTH FLOUNDER",87,"FORK LENGTH",7,7,7,0,0,571,535
"ARROWTOOTH FLOUNDER",93,"FORK LENGTH",23,23,23,0,0,566,0
"ARROWTOOTH FLOUNDER",99,"FORK LENGTH",2,2,2,0,0,536,0
"ARROWTOOTH FLOUNDER",101,"FORK LENGTH",9,9,10,0,0,564,0
"ARROWTOOTH FLOUNDER",103,"FORK LENGTH",3,3,3,0,0,546,0
"ARROWTOOTH FLOUNDER",104,"FORK LENGTH",2,2,1,0,0,595,0
"ARROWTOOTH FLOUNDER",110,"FORK LENGTH",7,7,7,0,0,546,0
"ARROWTOOTH FLOUNDER",111,"FORK LENGTH",30,30,51,0,0,580,0
"ARROWTOOTH FLOUNDER",112,"FORK LENGTH",23,23,46,0,0,568,0
"ARROWTOOTH FLOUNDER",113,"FORK LENGTH",16,16,16,0.13,431,560,0
"ARROWTOOTH FLOUNDER",114,"FORK LENGTH",9,9,10,0,0,512,0
"ARROWTOOTH FLOUNDER",115,"FORK LENGTH",11,11,12,0,0,580,0
"ARROWTOOTH FLOUNDER",121,"FORK LENGTH",2,2,2,0,0,554,0
"ARROWTOOTH FLOUNDER",122,"FORK LENGTH",1,1,1,0,0,601,0
"ARROWTOOTH FLOUNDER",124,"FORK LENGTH",2,2,2,0,0,569,0
"ARROWTOOTH FLOUNDER",125,"FORK LENGTH",5,5,5,0,0,545,0
"ARROWTOOTH FLOUNDER",126,"FORK LENGTH",3,3,3,0,0,548,0
"ARROWTOOTH FLOUNDER",128,"FORK LENGTH",1,1,1,0,0,595,0
"ARROWTOOTH FLOUNDER",132,"FORK LENGTH",1,1,1,0,0,844,0
"ARROWTOOTH FLOUNDER",133,"FORK LENGTH",2,2,2,0,0,473,0
"ARROWTOOTH FLOUNDER",134,"FORK LENGTH",1,1,1,0,0,576,0
"AURORA ROCKFISH",82,"FORK LENGTH",2,2,2,0.5,324,368,0
"AURORA ROCKFISH",93,"FORK LENGTH",1,1,1,1,357,0,0
"GREENSTRIPED ROCKFISH",15,"FORK LENGTH",1,1,1,0,0,327,0
"GREENSTRIPED ROCKFISH",60,"FORK LENGTH",1,1,1,1,268,0,0
"LINGCOD",51,"FORK LENGTH",3,3,3,0,0,927,930
"PACIFIC COD",29,"FORK LENGTH",1,1,1,1,471,0,0
"PACIFIC COD",42,"FORK LENGTH",1,1,1,0,0,0,735
"PACIFIC COD",43,"FORK LENGTH",7,7,7,0.29,646,724,0
"PACIFIC COD",124,"FORK LENGTH",1,0,1,0,0,0,580
"PACIFIC HALIBUT",11,"FORK LENGTH",2,2,15,0,0,814,0
"PACIFIC HALIBUT",23,"FORK LENGTH",1,1,1,0,0,861,0
"PACIFIC HALIBUT",25,"FORK LENGTH",1,1,11,1,799,0,0
"PACIFIC HALIBUT",27,"FORK LENGTH",1,1,5,0,0,0,803
"PACIFIC HALIBUT",30,"FORK LENGTH",1,1,4,0,0,870,0
"PACIFIC HALIBUT",36,"FORK LENGTH",1,1,1,0,0,0,802
"PACIFIC HALIBUT",51,"FORK LENGTH",6,6,9,0.67,814,1080,0
"PACIFIC HALIBUT",53,"FORK LENGTH",1,1,2,0,0,961,0
"PACIFIC HALIBUT",71,"FORK LENGTH",1,1,11,0,0,990,0
"PACIFIC HALIBUT",119,"FORK LENGTH",4,4,9,1,813,0,953
"REDBANDED ROCKFISH",14,"FORK LENGTH",3,3,3,0.33,414,416,0
"REDBANDED ROCKFISH",22,"FORK LENGTH",1,1,1,0,0,436,0
"REDBANDED ROCKFISH",23,"FORK LENGTH",1,1,1,1,381,0,0
"REDBANDED ROCKFISH",25,"FORK LENGTH",7,7,7,0.29,411,418,0
"REDBANDED ROCKFISH",27,"FORK LENGTH",6,6,6,0.5,419,478,0
"REDBANDED ROCKFISH",29,"FORK LENGTH",3,3,3,1,447,0,0
"REDBANDED ROCKFISH",30,"FORK LENGTH",6,6,6,0.83,405,452,0
"REDBANDED ROCKFISH",42,"FORK LENGTH",2,2,2,0.5,370,360,0
"REDBANDED ROCKFISH",43,"FORK LENGTH",2,2,2,0.5,373,333,0
"REDBANDED ROCKFISH",49,"FORK LENGTH",7,7,7,0.86,438,473,0
"REDBANDED ROCKFISH",50,"FORK LENGTH",9,9,9,0.67,433,444,0
"REDBANDED ROCKFISH",51,"FORK LENGTH",2,2,2,0.5,435,539,0
"REDBANDED ROCKFISH",53,"FORK LENGTH",5,5,5,0.6,443,458,0
"REDBANDED ROCKFISH",54,"FORK LENGTH",22,22,25,0.55,435,449,0
"REDBANDED ROCKFISH",58,"FORK LENGTH",10,10,10,0.7,387,423,0
"REDBANDED ROCKFISH",59,"FORK LENGTH",3,3,3,1,408,0,0
"REDBANDED ROCKFISH",60,"FORK LENGTH",6,6,6,1,434,0,0
"REDBANDED ROCKFISH",67,"FORK LENGTH",9,9,9,0.67,435,430,0
"REDBANDED ROCKFISH",68,"FORK LENGTH",4,4,4,0.5,455,579,0
"REDBANDED ROCKFISH",69,"FORK LENGTH",15,15,15,0.6,452,487,0
"REDBANDED ROCKFISH",70,"FORK LENGTH",5,5,5,0.8,470,508,0
"REDBANDED ROCKFISH",71,"FORK LENGTH",2,2,2,0,0,412,0
"REDBANDED ROCKFISH",74,"FORK LENGTH",9,9,9,0.67,443,433,0
"REDBANDED ROCKFISH",75,"FORK LENGTH",14,14,14,0.64,414,450,0
"REDBANDED ROCKFISH",76,"FORK LENGTH",6,6,6,0.67,448,504,0
"REDBANDED ROCKFISH",77,"FORK LENGTH",9,9,9,0.33,486,510,0
"REDBANDED ROCKFISH",80,"FORK LENGTH",16,16,16,0.38,447,444,0
"REDBANDED ROCKFISH",85,"FORK LENGTH",3,3,3,0.67,466,408,0
"REDBANDED ROCKFISH",86,"FORK LENGTH",3,3,3,0.67,435,432,0
"REDBANDED ROCKFISH",87,"FORK LENGTH",5,5,5,0.8,425,441,0
"REDBANDED ROCKFISH",93,"FORK LENGTH",2,1,2,1,445,0,364
"REDBANDED ROCKFISH",101,"FORK LENGTH",8,8,8,0.38,465,468,0
"REDBANDED ROCKFISH",113,"FORK LENGTH",1,1,2,1,341,0,0
"REDBANDED ROCKFISH",115,"FORK LENGTH",2,2,2,0.5,519,330,0
"REDBANDED ROCKFISH",125,"FORK LENGTH",1,1,1,0,0,373,0
"ROSETHORN ROCKFISH",50,"FORK LENGTH",1,1,1,0,0,300,0
"ROSETHORN ROCKFISH",60,"FORK LENGTH",2,2,2,1,289,0,0
"ROSETHORN ROCKFISH",68,"FORK LENGTH",2,2,2,1,307,0,0
"ROSETHORN ROCKFISH",70,"FORK LENGTH",2,2,2,1,251,0,0
"SHORTRAKER ROCKFISH",29,"FORK LENGTH",1,1,1,0,0,701,0
"SHORTRAKER ROCKFISH",36,"FORK LENGTH",1,1,1,1,843,0,0
"SHORTRAKER ROCKFISH",41,"FORK LENGTH",1,1,1,0,0,604,0
"SHORTRAKER ROCKFISH",54,"FORK LENGTH",2,2,2,0.5,624,680,0
"SHORTRAKER ROCKFISH",58,"FORK LENGTH",1,1,1,1,331,0,0
"SHORTRAKER ROCKFISH",65,"FORK LENGTH",2,2,2,0,0,594,0
"SHORTRAKER ROCKFISH",78,"FORK LENGTH",4,4,4,0.75,448,588,0
"SHORTRAKER ROCKFISH",79,"FORK LENGTH",4,4,4,0.25,658,589,0
"SHORTRAKER ROCKFISH",81,"FORK LENGTH",9,9,9,0.67,627,627,0
"SHORTRAKER ROCKFISH",82,"FORK LENGTH",10,10,10,0.7,652,545,0
"SHORTRAKER ROCKFISH",83,"FORK LENGTH",2,2,2,1,536,0,0
"SHORTRAKER ROCKFISH",84,"FORK LENGTH",1,1,1,1,621,0,0
"SHORTRAKER ROCKFISH",86,"FORK LENGTH",3,3,3,0.67,723,561,0
"SHORTRAKER ROCKFISH",87,"FORK LENGTH",5,5,5,0.4,477,595,0
"SHORTRAKER ROCKFISH",93,"FORK LENGTH",7,7,7,0.57,677,686,0
"SHORTRAKER ROCKFISH",99,"FORK LENGTH",4,4,4,0,0,635,0
"SHORTRAKER ROCKFISH",104,"FORK LENGTH",2,2,2,0,0,577,0
"SHORTRAKER ROCKFISH",131,"FORK LENGTH",2,2,2,0.5,406,794,0
"WALLEYE POLLOCK",113,"FORK LENGTH",2,2,2,0,0,489,0
"WALLEYE POLLOCK",132,"FORK LENGTH",1,0,1,0,0,0,520
"YELLOWEYE ROCKFISH",42,"FORK LENGTH",1,1,1,0,0,520,0
"YELLOWEYE ROCKFISH",51,"FORK LENGTH",3,3,3,1,604,0,0
"YELLOWEYE ROCKFISH",53,"FORK LENGTH",3,3,3,0.33,572,492,0
"YELLOWEYE ROCKFISH",69,"FORK LENGTH",1,1,1,1,615,0,0
"YELLOWEYE ROCKFISH",77,"FORK LENGTH",21,21,22,0.33,577,576,0
"YELLOWEYE ROCKFISH",85,"FORK LENGTH",4,4,4,0.5,582,628,0
"YELLOWMOUTH ROCKFISH",60,"FORK LENGTH",2,2,2,1,438,0,0
"NORTH PACIFIC SPINY DOGFISH",23,"PRE-CAUDAL LENGTH",1,1,1,0,0,895,0
"NORTH PACIFIC SPINY DOGFISH",30,"PRE-CAUDAL LENGTH",1,1,1,0,0,825,0
"NORTH PACIFIC SPINY DOGFISH",42,"PRE-CAUDAL LENGTH",1,1,1,0,0,862,0
"NORTH PACIFIC SPINY DOGFISH",43,"PRE-CAUDAL LENGTH",1,1,1,0,0,873,0
"NORTH PACIFIC SPINY DOGFISH",49,"PRE-CAUDAL LENGTH",2,2,2,0,0,862,0
"NORTH PACIFIC SPINY DOGFISH",53,"PRE-CAUDAL LENGTH",1,1,1,0,0,842,0
"NORTH PACIFIC SPINY DOGFISH",59,"PRE-CAUDAL LENGTH",1,1,1,0,0,920,0
"NORTH PACIFIC SPINY DOGFISH",70,"PRE-CAUDAL LENGTH",1,1,1,0,0,865,0
"NORTH PACIFIC SPINY DOGFISH",77,"PRE-CAUDAL LENGTH",1,1,1,0,0,900,0
"NORTH PACIFIC SPINY DOGFISH",80,"PRE-CAUDAL LENGTH",1,1,1,0,0,920,0
"NORTH PACIFIC SPINY DOGFISH",85,"PRE-CAUDAL LENGTH",1,1,1,0,0,852,0
"NORTH PACIFIC SPINY DOGFISH",93,"PRE-CAUDAL LENGTH",4,4,4,0,0,904,0
"NORTH PACIFIC SPINY DOGFISH",112,"PRE-CAUDAL LENGTH",1,1,1,0,0,906,0
"NORTH PACIFIC SPINY DOGFISH",114,"PRE-CAUDAL LENGTH",1,1,1,0,0,860,0
"GIANT GRENADIER",1,"SNOUT TO ANAL FIN LENGTH",4,4,4,0.33,230,258,248
"GIANT GRENADIER",4,"SNOUT TO ANAL FIN LENGTH",4,4,4,0.5,311,259,0
"GIANT GRENADIER",5,"SNOUT TO ANAL FIN LENGTH",4,4,4,0,0,357,0
"GIANT GRENADIER",17,"SNOUT TO ANAL FIN LENGTH",18,18,17,0.17,280,366,0
"GIANT GRENADIER",24,"SNOUT TO ANAL FIN LENGTH",12,12,12,0.25,308,335,0
"GIANT GRENADIER",39,"SNOUT TO ANAL FIN LENGTH",10,10,10,0,0,325,0
"GIANT GRENADIER",40,"SNOUT TO ANAL FIN LENGTH",1,1,1,0,0,291,0
"GIANT GRENADIER",47,"SNOUT TO ANAL FIN LENGTH",2,2,2,0.5,24,375,0
"GIANT GRENADIER",56,"SNOUT TO ANAL FIN LENGTH",14,14,14,0.21,274,340,0
"GIANT GRENADIER",62,"SNOUT TO ANAL FIN LENGTH",1,0,1,0,0,0,762
"GIANT GRENADIER",63,"SNOUT TO ANAL FIN LENGTH",2,2,2,0,0,349,441
"GIANT GRENADIER",64,"SNOUT TO ANAL FIN LENGTH",2,2,2,0,0,455,0
"GIANT GRENADIER",72,"SNOUT TO ANAL FIN LENGTH",5,5,5,0.2,310,375,0
"GIANT GRENADIER",84,"SNOUT TO ANAL FIN LENGTH",1,1,1,0,0,378,0
"GIANT GRENADIER",88,"SNOUT TO ANAL FIN LENGTH",8,8,8,0.25,280,354,0
"GIANT GRENADIER",89,"SNOUT TO ANAL FIN LENGTH",1,1,1,0,0,326,0
"GIANT GRENADIER",90,"SNOUT TO ANAL FIN LENGTH",6,6,6,0.33,287,348,0
"GIANT GRENADIER",91,"SNOUT TO ANAL FIN LENGTH",2,2,2,0.5,258,307,0
"GIANT GRENADIER",92,"SNOUT TO ANAL FIN LENGTH",25,25,25,0.24,262,307,0
"GIANT GRENADIER",94,"SNOUT TO ANAL FIN LENGTH",5,5,5,0.2,264,304,0
"GIANT GRENADIER",95,"SNOUT TO ANAL FIN LENGTH",12,12,12,0,0,293,0
"GIANT GRENADIER",96,"SNOUT TO ANAL FIN LENGTH",23,23,23,0.35,245,338,0
"GIANT GRENADIER",105,"SNOUT TO ANAL FIN LENGTH",1,1,1,0,0,416,0
"GIANT GRENADIER",106,"SNOUT TO ANAL FIN LENGTH",3,3,3,0,0,404,0
"GIANT GRENADIER",107,"SNOUT TO ANAL FIN LENGTH",13,13,13,0,0,337,0
"GIANT GRENADIER",108,"SNOUT TO ANAL FIN LENGTH",2,2,3,0,0,334,0
"GIANT GRENADIER",109,"SNOUT TO ANAL FIN LENGTH",14,14,14,0.07,310,366,0
"PACIFIC GRENADIER",4,"SNOUT TO ANAL FIN LENGTH",4,4,4,0.75,165,196,0
"PACIFIC GRENADIER",5,"SNOUT TO ANAL FIN LENGTH",11,11,11,0.91,204,136,0
"PACIFIC GRENADIER",17,"SNOUT TO ANAL FIN LENGTH",16,16,14,0.69,207,215,0
"PACIFIC GRENADIER",18,"SNOUT TO ANAL FIN LENGTH",10,10,10,0.7,202,205,0
"PACIFIC GRENADIER",24,"SNOUT TO ANAL FIN LENGTH",30,30,67,0.52,211,230,224
"PACIFIC GRENADIER",28,"SNOUT TO ANAL FIN LENGTH",2,2,2,0,0,259,0
"PACIFIC GRENADIER",33,"SNOUT TO ANAL FIN LENGTH",1,1,1,0,0,322,0
"PACIFIC GRENADIER",34,"SNOUT TO ANAL FIN LENGTH",1,1,1,1,176,0,0
"PACIFIC GRENADIER",37,"SNOUT TO ANAL FIN LENGTH",1,1,1,1,124,0,0
"PACIFIC GRENADIER",39,"SNOUT TO ANAL FIN LENGTH",29,29,58,0.72,206,244,0
"PACIFIC GRENADIER",40,"SNOUT TO ANAL FIN LENGTH",1,1,1,0,0,190,0
"PACIFIC GRENADIER",44,"SNOUT TO ANAL FIN LENGTH",18,18,53,0.83,205,227,0
"PACIFIC GRENADIER",45,"SNOUT TO ANAL FIN LENGTH",1,1,1,0,0,105,0
"PACIFIC GRENADIER",56,"SNOUT TO ANAL FIN LENGTH",38,38,74,0.71,211,226,0
"PACIFIC GRENADIER",63,"SNOUT TO ANAL FIN LENGTH",1,1,1,0,0,200,0
"PACIFIC GRENADIER",64,"SNOUT TO ANAL FIN LENGTH",18,18,48,0.89,209,218,0
"PACIFIC GRENADIER",72,"SNOUT TO ANAL FIN LENGTH",28,28,86,0.5,209,221,0
"PACIFIC GRENADIER",73,"SNOUT TO ANAL FIN LENGTH",8,8,8,0.88,187,185,0
"PACIFIC GRENADIER",88,"SNOUT TO ANAL FIN LENGTH",30,30,47,0.9,200,212,0
"PACIFIC GRENADIER",90,"SNOUT TO ANAL FIN LENGTH",30,30,69,0.9,214,220,0
"PACIFIC GRENADIER",91,"SNOUT TO ANAL FIN LENGTH",1,1,1,0,0,210,0
"PACIFIC GRENADIER",92,"SNOUT TO ANAL FIN LENGTH",26,26,41,0.31,218,221,0
"PACIFIC GRENADIER",94,"SNOUT TO ANAL FIN LENGTH",8,8,8,0.63,183,191,0
"PACIFIC GRENADIER",95,"SNOUT TO ANAL FIN LENGTH",6,6,6,0.33,193,190,0
"PACIFIC GRENADIER",96,"SNOUT TO ANAL FIN LENGTH",30,30,71,0.37,315,243,0
"PACIFIC GRENADIER",105,"SNOUT TO ANAL FIN LENGTH",1,1,1,1,210,0,0
"PACIFIC GRENADIER",107,"SNOUT TO ANAL FIN LENGTH",25,25,25,0.56,196,206,0
"PACIFIC GRENADIER",109,"SNOUT TO ANAL FIN LENGTH",5,5,5,0.4,209,222,0
"DOVER SOLE",11,"TOTAL LENGTH",2,2,2,0,0,542,0
"DOVER SOLE",12,"TOTAL LENGTH",2,0,2,0,0,0,601
"DOVER SOLE",22,"TOTAL LENGTH",2,2,2,0,0,477,0
"DOVER SOLE",23,"TOTAL LENGTH",2,2,2,0,0,337,0
"DOVER SOLE",36,"TOTAL LENGTH",1,1,1,0,0,508,0
"DOVER SOLE",45,"TOTAL LENGTH",2,2,2,0.5,415,502,0
"DOVER SOLE",57,"TOTAL LENGTH",1,1,1,1,405,0,0
"DOVER SOLE",59,"TOTAL LENGTH",1,1,1,1,465,0,0
"DOVER SOLE",75,"TOTAL LENGTH",1,1,1,0,0,582,0
"DOVER SOLE",78,"TOTAL LENGTH",1,1,1,0,0,0,492
"DOVER SOLE",99,"TOTAL LENGTH",3,3,3,0,0,516,0
"DOVER SOLE",132,"TOTAL LENGTH",1,0,1,0,0,0,429
"GIANT BLOBSCULPIN",56,"TOTAL LENGTH",1,1,1,0,0,655,0
"LONGSPINE THORNYHEAD",3,"TOTAL LENGTH",1,1,1,1,240,0,0
"LONGSPINE THORNYHEAD",4,"TOTAL LENGTH",1,1,1,0,0,183,0
"LONGSPINE THORNYHEAD",10,"TOTAL LENGTH",1,1,1,1,265,0,0
"LONGSPINE THORNYHEAD",28,"TOTAL LENGTH",2,2,2,0.5,227,233,0
"LONGSPINE THORNYHEAD",31,"TOTAL LENGTH",1,1,1,0,0,236,0
"LONGSPINE THORNYHEAD",38,"TOTAL LENGTH",2,2,2,0.5,233,244,0
"LONGSPINE THORNYHEAD",91,"TOTAL LENGTH",1,1,1,0,0,222,0
"LONGSPINE THORNYHEAD",100,"TOTAL LENGTH",1,1,1,0,0,206,0
"NORTH PACIFIC SPINY DOGFISH",11,"TOTAL LENGTH",2,2,2,1,689,0,0
"NORTH PACIFIC SPINY DOGFISH",12,"TOTAL LENGTH",3,3,3,0.67,726,692,0
"NORTH PACIFIC SPINY DOGFISH",14,"TOTAL LENGTH",67,67,67,0.49,726,717,0
"NORTH PACIFIC SPINY DOGFISH",15,"TOTAL LENGTH",62,62,62,0.31,684,682,0
"NORTH PACIFIC SPINY DOGFISH",22,"TOTAL LENGTH",8,8,8,0.38,729,714,0
"NORTH PACIFIC SPINY DOGFISH",23,"TOTAL LENGTH",27,27,27,0.46,713,684,0
"NORTH PACIFIC SPINY DOGFISH",25,"TOTAL LENGTH",34,34,34,0.24,654,655,0
"NORTH PACIFIC SPINY DOGFISH",27,"TOTAL LENGTH",24,24,24,0.38,693,680,0
"NORTH PACIFIC SPINY DOGFISH",29,"TOTAL LENGTH",26,26,26,0.5,705,674,0
"NORTH PACIFIC SPINY DOGFISH",30,"TOTAL LENGTH",7,7,7,0.38,744,689,0
"NORTH PACIFIC SPINY DOGFISH",42,"TOTAL LENGTH",8,12,12,0.15,738,932,0
"NORTH PACIFIC SPINY DOGFISH",43,"TOTAL LENGTH",9,12,12,0.15,897,904,0
"NORTH PACIFIC SPINY DOGFISH",46,"TOTAL LENGTH",28,28,28,0.79,776,795,0
"NORTH PACIFIC SPINY DOGFISH",49,"TOTAL LENGTH",27,27,27,0.38,809,907,0
"NORTH PACIFIC SPINY DOGFISH",50,"TOTAL LENGTH",29,29,29,0.24,782,778,0
"NORTH PACIFIC SPINY DOGFISH",51,"TOTAL LENGTH",8,8,8,0,0,961,0
"NORTH PACIFIC SPINY DOGFISH",53,"TOTAL LENGTH",33,33,33,0.21,758,766,0
"NORTH PACIFIC SPINY DOGFISH",54,"TOTAL LENGTH",21,21,21,0.19,799,806,0
"NORTH PACIFIC SPINY DOGFISH",58,"TOTAL LENGTH",5,5,5,0.4,647,795,0
"NORTH PACIFIC SPINY DOGFISH",59,"TOTAL LENGTH",9,9,9,0.2,794,820,0
"NORTH PACIFIC SPINY DOGFISH",60,"TOTAL LENGTH",33,33,33,0.3,740,754,0
"NORTH PACIFIC SPINY DOGFISH",67,"TOTAL LENGTH",20,20,20,0.15,790,767,0
"NORTH PACIFIC SPINY DOGFISH",68,"TOTAL LENGTH",11,11,11,0.27,741,766,0
"NORTH PACIFIC SPINY DOGFISH",69,"TOTAL LENGTH",4,4,4,0,0,897,0
"NORTH PACIFIC SPINY DOGFISH",70,"TOTAL LENGTH",19,19,19,0.3,734,789,0
"NORTH PACIFIC SPINY DOGFISH",71,"TOTAL LENGTH",16,16,16,0,0,796,0
"NORTH PACIFIC SPINY DOGFISH",77,"TOTAL LENGTH",22,22,22,0.3,813,992,0
"NORTH PACIFIC SPINY DOGFISH",80,"TOTAL LENGTH",28,28,28,0.14,820,1016,0
"NORTH PACIFIC SPINY DOGFISH",85,"TOTAL LENGTH",18,18,18,0.05,835,981,0
"NORTH PACIFIC SPINY DOGFISH",86,"TOTAL LENGTH",19,19,19,0.44,822,889,843
"NORTH PACIFIC SPINY DOGFISH",87,"TOTAL LENGTH",17,17,17,0.35,847,936,0
"NORTH PACIFIC SPINY DOGFISH",93,"TOTAL LENGTH",7,7,7,0,0,916,0
"NORTH PACIFIC SPINY DOGFISH",101,"TOTAL LENGTH",26,26,26,0.31,806,858,0
"NORTH PACIFIC SPINY DOGFISH",112,"TOTAL LENGTH",3,3,3,0,0,961,0
"NORTH PACIFIC SPINY DOGFISH",113,"TOTAL LENGTH",10,10,10,0.6,754,798,0
"NORTH PACIFIC SPINY DOGFISH",115,"TOTAL LENGTH",1,1,1,0,0,870,0
"NORTH PACIFIC SPINY DOGFISH",122,"TOTAL LENGTH",6,6,6,0,0,746,0
"NORTH PACIFIC SPINY DOGFISH",123,"TOTAL LENGTH",4,4,4,0,0,801,0
"NORTH PACIFIC SPINY DOGFISH",124,"TOTAL LENGTH",1,1,1,0,0,806,0
"PACIFIC FLATNOSE",4,"TOTAL LENGTH",1,1,1,0,0,382,0
"PACIFIC FLATNOSE",17,"TOTAL LENGTH",3,3,3,1,523,0,0
"PACIFIC FLATNOSE",24,"TOTAL LENGTH",5,5,5,0.8,471,485,0
"PACIFIC FLATNOSE",39,"TOTAL LENGTH",1,1,1,1,554,0,0
"PACIFIC FLATNOSE",56,"TOTAL LENGTH",5,5,5,0.4,444,481,0
"PACIFIC FLATNOSE",72,"TOTAL LENGTH",3,3,3,1,455,0,0
"PACIFIC FLATNOSE",88,"TOTAL LENGTH",1,1,1,1,490,0,0
"PACIFIC FLATNOSE",90,"TOTAL LENGTH",2,2,2,1,478,0,0
"PACIFIC FLATNOSE",96,"TOTAL LENGTH",3,3,3,1,493,0,0
"PINK SNAILFISH",5,"TOTAL LENGTH",1,1,1,0,0,385,0
"PINK SNAILFISH",44,"TOTAL LENGTH",1,0,2,0,0,0,335
"SHORTSPINE THORNYHEAD",3,"TOTAL LENGTH",2,2,2,0.5,355,571,0
"SHORTSPINE THORNYHEAD",19,"TOTAL LENGTH",1,1,1,1,381,0,0
"SHORTSPINE THORNYHEAD",28,"TOTAL LENGTH",2,2,1,0,0,259,0
"SHORTSPINE THORNYHEAD",31,"TOTAL LENGTH",2,2,2,0,0,428,0
"SHORTSPINE THORNYHEAD",33,"TOTAL LENGTH",1,1,1,1,427,0,0
"SHORTSPINE THORNYHEAD",34,"TOTAL LENGTH",1,1,1,0,0,554,0
"SHORTSPINE THORNYHEAD",37,"TOTAL LENGTH",12,12,12,0.67,458,469,0
"SHORTSPINE THORNYHEAD",38,"TOTAL LENGTH",1,1,1,1,535,0,0
"SHORTSPINE THORNYHEAD",40,"TOTAL LENGTH",4,4,4,0.75,390,353,0
"SHORTSPINE THORNYHEAD",44,"TOTAL LENGTH",1,1,1,0,0,530,0
"SHORTSPINE THORNYHEAD",45,"TOTAL LENGTH",2,2,2,0.5,360,358,0
"SHORTSPINE THORNYHEAD",47,"TOTAL LENGTH",2,2,2,1,455,0,0
"SHORTSPINE THORNYHEAD",56,"TOTAL LENGTH",2,2,2,0.5,401,432,0
"SHORTSPINE THORNYHEAD",60,"TOTAL LENGTH",1,1,1,0,0,535,0
"SHORTSPINE THORNYHEAD",63,"TOTAL LENGTH",1,1,1,1,460,0,0
"SHORTSPINE THORNYHEAD",65,"TOTAL LENGTH",1,1,1,1,357,0,0
"SHORTSPINE THORNYHEAD",66,"TOTAL LENGTH",1,1,1,1,395,0,0
"SHORTSPINE THORNYHEAD",74,"TOTAL LENGTH",1,1,1,0,0,457,0
"SHORTSPINE THORNYHEAD",75,"TOTAL LENGTH",1,1,1,1,420,0,0
"SHORTSPINE THORNYHEAD",76,"TOTAL LENGTH",1,1,1,0,0,635,0
"SHORTSPINE THORNYHEAD",82,"TOTAL LENGTH",4,0,4,0,0,0,481
"SHORTSPINE THORNYHEAD",91,"TOTAL LENGTH",1,0,1,0,0,0,374
"SHORTSPINE THORNYHEAD",94,"TOTAL LENGTH",2,2,2,0.5,440,454,0
"SHORTSPINE THORNYHEAD",97,"TOTAL LENGTH",1,0,1,0,0,0,711
"SHORTSPINE THORNYHEAD",100,"TOTAL LENGTH",1,1,1,1,463,0,0
"SHORTSPINE THORNYHEAD",103,"TOTAL LENGTH",1,1,1,0,0,389,0
"SHORTSPINE THORNYHEAD",104,"TOTAL LENGTH",1,1,1,1,423,0,0
"SHORTSPINE THORNYHEAD",109,"TOTAL LENGTH",1,1,1,1,350,0,0
"SHORTSPINE THORNYHEAD",110,"TOTAL LENGTH",1,1,1,0,0,362,0
"SHORTSPINE THORNYHEAD",124,"TOTAL LENGTH",1,0,1,0,0,0,450
